Candidate,Detail,
B,B,
B,https://chatgpt.com/share/68195040-f0dc-800b-bb33-a7714d85c544,
B,https://chatgpt.com/share/68195078-53a8-800b-98ae-4a12c1685fdc,
A,https://chatgpt.com/share/681950a7-5b14-800b-b36f-f8719f14e042,
B,https://chatgpt.com/share/681950a7-5b14-800b-b36f-f8719f14e042,
B,https://chatgpt.com/share/681950ea-7690-800b-9826-440133111e21,
B,https://chatgpt.com/share/68195107-8578-800b-9f2a-70f6170181cb,
B,https://chatgpt.com/share/6819512a-cd94-800b-aba9-a2b80b1a5eb2,
B,https://chatgpt.com/share/6819512a-cd94-800b-aba9-a2b80b1a5eb2,
B,https://chatgpt.com/share/6819515f-9744-800b-9ec4-838a22634f68,
A,https://chatgpt.com/share/68195186-c370-800b-9c03-8543e526d60a,
B,https://chatgpt.com/share/681951b2-ce20-800b-9b6c-fcdbe9da47ae,
B,https://chatgpt.com/share/681951cf-1bac-800b-940c-28bd6707de8f,
B,https://chatgpt.com/share/681951e7-f5f8-800b-934f-f0d9dbcd9c1e,
B,https://chatgpt.com/share/681951fa-61e4-800b-a4a0-26e20d780594,
B,https://chatgpt.com/share/68195211-0b6c-800b-800e-ea82838e0b9c,
B,https://chatgpt.com/share/68195227-3e8c-800b-8796-f25333fb9bc5,
B,https://chatgpt.com/share/6819524c-17dc-800b-b092-698bced447b6,
A,https://chatgpt.com/share/6819525f-5e68-800b-9c10-1c08ccb77d52,
B,https://chatgpt.com/share/6819526f-2664-800b-953d-98053c193cd6,
B,https://chatgpt.com/share/68195286-e5c4-800b-a985-8f37fabdfc34,
B,https://chatgpt.com/share/681952c1-55c0-800b-9cf1-f596c49eb2b5,
B,https://chatgpt.com/share/681952f3-3c50-800b-a6b0-691814d605e4,
B,https://chatgpt.com/share/68195312-3564-800b-89b6-a21b191e3885,
B,https://chatgpt.com/share/68195327-2f70-800b-9bd2-bb6dd2dd1b8d,
A,https://chatgpt.com/share/6819533b-b800-800b-90aa-5d458e43a902,
B,https://chatgpt.com/share/68195350-ffc8-800b-aac9-73a421c237e2,
B,https://chatgpt.com/share/68195369-09fc-800b-9276-03fc7a7a85d7,
B,https://chatgpt.com/share/6819538c-d16c-800b-b4b4-69315c6384d1,
B,https://chatgpt.com/share/681953a4-b760-800b-8230-741907a4603b,
B,https://chatgpt.com/share/681953b8-21fc-800b-836b-233e2c3e4cbd,
B,https://chatgpt.com/share/681953da-7cc4-800b-bb7a-abdfe595beb4,
B,https://chatgpt.com/share/681953f8-d9b0-800b-8c20-ce15fdb62a6a,
B,https://chatgpt.com/share/68195411-cb70-800b-9c79-9b40c05298c3,
A,https://chatgpt.com/share/68195425-bc7c-800b-9241-c12f81eed990,
A,https://chatgpt.com/share/6819543b-1918-800b-a124-6feab7176ecb,
B,https://chatgpt.com/share/68195450-3f94-800b-aea3-5fcf64e3b8c7,
A,https://chatgpt.com/share/68195460-c224-800b-b0b6-61cccd946276,
B,https://chatgpt.com/share/68195475-c5e8-800b-b430-f537e2c31671,
A,https://chatgpt.com/share/68195493-c88c-800b-afa9-77b21e5569aa,
B,https://chatgpt.com/share/68195493-c88c-800b-afa9-77b21e5569aa,
A,https://chatgpt.com/share/681954d9-7550-800b-b874-1148fa5249e9,
A,https://chatgpt.com/share/681954f0-d2e4-800b-90c6-69ac56b01c85,
A,https://chatgpt.com/share/68195505-10f0-800b-9e26-0010ebf9c8b2,
B,https://chatgpt.com/share/6819551a-149c-800b-be29-fda733bc9839,
B,https://chatgpt.com/share/6819552c-2170-800b-8745-5c2278b5a984,
B,https://chatgpt.com/share/6819553d-7440-800b-b932-b90ec476e573,
B,https://chatgpt.com/share/6819554e-6230-800b-87cc-793b8fd23a6b,
B,https://chatgpt.com/share/6819554e-6230-800b-87cc-793b8fd23a6b,
B,https://chatgpt.com/share/68195571-be70-800b-b91c-34c4eb103146,
A,https://chatgpt.com/share/682cc775-6678-800b-844b-466c0b1637ea,Index 51
B,https://chatgpt.com/share/682cc791-1938-800b-8345-25f4f4e73775,Index 52
B,https://chatgpt.com/share/682cc7a3-af04-800b-90f8-9b0119cf4ff7,Index 53
B,https://chatgpt.com/share/682cc7b8-2ae0-800b-bd47-a05e6884c7e8,Index 54
B,https://chatgpt.com/share/682cc7c7-5154-800b-a0a2-0b383c20a16c,Index 55
B,https://chatgpt.com/share/682cc84d-0d04-800b-9e76-50e03d9d4a79,Index 56
B,https://chatgpt.com/c/682cc727-a0b0-800b-98b1-76d8656fe7d0,Index 57
B,https://chatgpt.com/share/682cc871-1eac-800b-85a1-4617b26dcc00,Index 58
B,https://chatgpt.com/share/682cc885-8afc-800b-b04b-420c435036eb,Index 59
B,https://chatgpt.com/share/682cc895-59bc-800b-b000-50ec8cf909b8,Index 60
B,https://chatgpt.com/share/68338799-86f0-8002-af70-9bad52d71485,Index 61
B,https://chatgpt.com/share/683387ad-4c44-8002-a0c0-9ccbaf97cc2e,Index 62
B,https://chatgpt.com/share/683387c4-3d8c-8002-9da8-f476595a19bf,Index 63
B,https://chatgpt.com/share/683387e6-bd14-8002-a11d-0c7f652a469f,Index 64
B,https://chatgpt.com/share/68338945-2798-8002-9ede-41ae1ee6a334,Index 65
B,https://chatgpt.com/share/683389c1-2358-8002-a907-7b60715adc02,Index 66
B,https://chatgpt.com/share/683389e6-d5d0-8002-8bb7-822b9d110617,Index 67
B,https://chatgpt.com/share/683389f9-7d48-8002-9d7d-4c81cf214228,Index 68
A,https://chatgpt.com/share/68338a16-56f4-8002-ae49-791e96341228,Index 69
A,https://chatgpt.com/share/68338a3c-9f44-8002-bd51-9d8b47824b69,Index 70
A,https://chatgpt.com/share/68338ce2-f628-8002-9d57-ba1039a0097a,Index 71
B,https://chatgpt.com/share/68338cf4-be54-8002-b8d4-5120380436bd,Index 72
B,https://chatgpt.com/c/68338af3-aa40-8002-901d-f4315ea5b756,Index 73
B,https://chatgpt.com/share/68338d21-30c4-8002-8461-2eeb016b6d45,Index 74
B,https://chatgpt.com/share/68338d36-f888-8002-bfec-8afc0632450c,Index 75
B,https://chatgpt.com/share/68338d4b-4d50-8002-9444-95a33f5a3133,Index 76
B,https://chatgpt.com/share/68338d57-506c-8002-b5fc-b962edee268e,Index 77
B,https://chatgpt.com/share/68338d6a-4bdc-8002-b27c-6aaca302ac73,Index 78
B,https://chatgpt.com/share/68338d7d-8f54-8002-8d26-dd71f0ee5c6b,Index 79
B,https://chatgpt.com/share/68338d90-06bc-8002-b84e-c24857c5695a,Index 80
B,https://chatgpt.com/share/68338f83-bb08-8002-bd65-4acbf09a4394,Index 81
B,https://chatgpt.com/share/68338f95-3dc4-8002-9c27-ffbea79d5bda,Index 82
B,https://chatgpt.com/share/68338f9e-7724-8002-b53b-981e5431619e,Index 83
A,https://chatgpt.com/share/68338fa7-ec6c-8002-964d-e1d8cf865a1c,Index 84
B,https://chatgpt.com/share/68338fb3-1690-8002-85d2-95436c6beb10,Index 85
B,https://chatgpt.com/share/68338fbe-3810-8002-92e9-66ee142755d1,Index 86
A,https://chatgpt.com/share/68338fd6-e4bc-8002-a126-6f9f55d0bf7f,Index 87
B,https://chatgpt.com/share/68338fe1-c8b8-8002-919c-f982644562df,Index 88
B,https://chatgpt.com/share/68338fef-9be8-8002-b5a7-10d32c3a2f58,Index 89
B,https://chatgpt.com/share/68338ffd-bd4c-8002-bb9f-d82ba5e42d44,Index 90
A,https://chatgpt.com/share/68339886-1a4c-8002-a82f-2b110729712e,Index 91
B,https://chatgpt.com/share/68339890-f678-8002-b778-30514cf6e0b1,Index 92
B,https://chatgpt.com/share/68339899-f7c8-8002-b7ab-79d156dbadf1,Index 93
B,https://chatgpt.com/share/683398a4-f3e8-8002-bd32-618daaa4975e,Index 94
B,https://chatgpt.com/share/683398ae-249c-8002-8dbb-386c3387796e,Index 95
B,https://chatgpt.com/share/683398b7-68b8-8002-a119-87c82c05c039,Index 96
B,https://chatgpt.com/share/6833998d-2d90-8002-ba67-0ec3f5820626,Index 97
B,https://chatgpt.com/share/68339997-7104-8002-ab81-a01ffc5e3cab,Index 98
B,https://chatgpt.com/share/683399a0-3170-8002-804f-20e3a85a7848,Index 99
B,https://chatgpt.com/share/683399aa-b270-8002-a642-fa85bf6d253a,Index 100