File,Chat,Result
e1,https://chatgpt.com/share/68d49e0d-cc5c-8002-b469-f8e130783c72,B
e2,https://chatgpt.com/share/68d49e62-1928-8002-a5c4-de673189295a,B
e3,https://chatgpt.com/share/68d49ea6-ee64-8002-8227-47c7569942e4,B
e4,https://chatgpt.com/share/68d49edd-dad8-8002-8221-22d9b2337e0d,B
e5,https://chatgpt.com/share/68d49f1e-2d78-8002-9eea-5422684dd57f,B
e6,https://chatgpt.com/share/68d49f4e-cb94-8002-9a9f-8b19c140aded,B
e7,https://chatgpt.com/share/68d49f7c-e0f8-8002-902e-49ce82b05285,B
h1,https://chatgpt.com/share/68d49fe9-5388-8002-b0f4-7860924a5eba,B
h3,https://chatgpt.com/share/68d4a01b-f11c-8002-adbd-c4bc5ba178b1,B
h4,https://chatgpt.com/share/68d4a066-040c-8002-8d26-32faadd81958,B
h5,https://chatgpt.com/share/68d4a09a-97e0-8002-b018-1b0041239c6c,B
h6,https://chatgpt.com/share/68d4a0e1-9cec-8002-841b-3fea5e41883e,B
h10,https://chatgpt.com/share/68d4a115-1b6c-8002-a019-e6f3593750c9,B
m1,https://chatgpt.com/share/68d4a16b-0508-8002-b30c-cc03def90893,B
m3,https://chatgpt.com/share/68d4a19f-6214-8002-9b4d-00be3d2199d6,B
m4,https://chatgpt.com/share/68d4a1ed-32d8-8002-979a-c2be31f600a2,B
m5,https://chatgpt.com/share/68d4a221-67fc-8002-801f-2e2d0449ca96,B
m6,https://chatgpt.com/share/68d4a259-914c-8002-b7ba-fedcd48c7dc3,B
m7,https://chatgpt.com/share/68d4a285-a52c-8002-9321-78922e1935b2,B
m8,https://chatgpt.com/share/68d4a2b8-c68c-8002-8bd9-be85dfcdf4fb,B